Metrics,Value
0.6293906810035842,Specificity
0.5782594835830411,Sensitivity
0.6038250822933127,Balanced Accuracy
0.6634967081199707,F1
